<?xml version="1.0" encoding="UTF-8"?>
<project-private xmlns="http://www.netbeans.org/ns/project-private/1">
    <editor-bookmarks xmlns="http://www.netbeans.org/ns/editor-bookmarks/2" lastBookmarkId="0"/>
    <open-files xmlns="http://www.netbeans.org/ns/projectui-open-files/2">
        <group>
            <file>file:/C:/Users/necro/Desktop/Proyecto-1-metro-EDD-Alfin-creacion-de-areas-comerciales/Proyecto-EDD1-main/src/proyecto/edd1/main/Grafo.java</file>
            <file>file:/C:/Users/necro/Desktop/Proyecto-1-metro-EDD-Alfin-creacion-de-areas-comerciales/Proyecto-EDD1-main/src/proyecto/edd1/main/EditorNodoDialog.java</file>
            <file>file:/C:/Users/necro/Desktop/Proyecto-1-metro-EDD-Alfin-creacion-de-areas-comerciales/Proyecto-EDD1-main/src/proyecto/edd1/main/PruebaProyectoE.java</file>
            <file>file:/C:/Users/necro/Desktop/Proyecto-1-metro-EDD-Alfin-creacion-de-areas-comerciales/Proyecto-EDD1-main/src/proyecto/edd1/main/Nodo.java</file>
            <file>file:/C:/Users/necro/Desktop/Proyecto-1-metro-EDD-Alfin-creacion-de-areas-comerciales/Proyecto-EDD1-main/src/proyecto/edd1/main/EditorDeGrafo.java</file>
        </group>
    </open-files>
</project-private>
